,rocket,success,flight_number,date_utc,flight,gridfins,legs,reused_x,landing_attempt,landing_success,landing_type,launchpad_name,launch_latitude,launch_longitude,launch_attempts,launch_successes,block,reuse_count,rtls_attempts,rtls_landings,asds_attempts,asds_landings,serial,PayloadType,PayloadMass,orbit,landpad_name,landpad_latitude,landpad_longitude,landing_attempts,landing_successes,outcome
0,Falcon 9,True,6,2010-06-04T18:45:00.000Z,1,False,False,False,False,False,,CCSFS SLC 40,28.5618571,-80.577366,98,96,1.0,0,0,0,0,0,B0003,Dragon Boilerplate,601.0,LEO,,,,,,0
1,Falcon 9,True,8,2012-05-22T07:44:00.000Z,1,False,False,False,False,False,,CCSFS SLC 40,28.5618571,-80.577366,98,96,1.0,0,0,0,0,0,B0005,Dragon 1.0,525.0,LEO,,,,,,0
2,Falcon 9,True,10,2013-03-01T19:10:00.000Z,1,False,False,False,False,False,,CCSFS SLC 40,28.5618571,-80.577366,98,96,1.0,0,0,0,0,0,B0007,Dragon 1.0,677.0,ISS,,,,,,0
3,Falcon 9,True,12,2013-12-03T22:41:00.000Z,1,False,False,False,False,False,,CCSFS SLC 40,28.5618571,-80.577366,98,96,1.0,0,0,0,0,0,B1004,Satellite,3170.0,GTO,,,,,,0
4,Falcon 9,True,13,2014-01-06T18:06:00.000Z,1,False,False,False,False,False,,CCSFS SLC 40,28.5618571,-80.577366,98,96,1.0,0,0,0,0,0,B1005,Satellite,3325.0,GTO,,,,,,0
5,Falcon 9,True,14,2014-04-18T19:25:00.000Z,1,False,True,False,True,True,Ocean,CCSFS SLC 40,28.5618571,-80.577366,98,96,1.0,0,0,0,0,0,B1006,Dragon 1.1,2296.0,ISS,,,,,,1
6,Falcon 9,True,15,2014-07-14T15:15:00.000Z,1,False,True,False,True,True,Ocean,CCSFS SLC 40,28.5618571,-80.577366,98,96,1.0,0,0,0,0,0,B1007,Satellite,1316.0,LEO,,,,,,1
7,Falcon 9,True,16,2014-08-05T08:00:00.000Z,1,False,False,False,False,False,,CCSFS SLC 40,28.5618571,-80.577366,98,96,1.0,0,0,0,0,0,B1008,Satellite,4535.0,GTO,,,,,,0
8,Falcon 9,True,17,2014-09-07T05:00:00.000Z,1,False,False,False,False,False,,CCSFS SLC 40,28.5618571,-80.577366,98,96,1.0,0,0,0,0,0,B1011,Satellite,4428.0,GTO,,,,,,0
9,Falcon 9,True,18,2014-09-21T05:52:00.000Z,1,False,False,False,True,False,Ocean,CCSFS SLC 40,28.5618571,-80.577366,98,96,1.0,0,0,0,0,0,B1010,Dragon 1.1,2216.0,ISS,,,,,,0
10,Falcon 9,True,19,2015-01-10T09:47:00.000Z,1,True,True,False,True,False,ASDS,CCSFS SLC 40,28.5618571,-80.577366,98,96,1.0,0,0,0,0,0,B1012,Dragon 1.1,2395.0,ISS,JRTI-1,28.4104,-80.6188,2.0,0.0,0
11,Falcon 9,True,20,2015-02-11T23:03:00.000Z,1,True,True,False,True,True,Ocean,CCSFS SLC 40,28.5618571,-80.577366,98,96,1.0,0,0,0,0,0,B1013,Satellite,570.0,ES-L1,,,,,,1
12,Falcon 9,True,22,2015-04-14T20:10:00.000Z,1,True,True,False,True,False,ASDS,CCSFS SLC 40,28.5618571,-80.577366,98,96,1.0,0,0,0,0,0,B1015,Dragon 1.1,1898.0,ISS,JRTI-1,28.4104,-80.6188,2.0,0.0,0
13,Falcon 9,True,23,2015-04-27T23:03:00.000Z,1,False,False,False,False,False,,CCSFS SLC 40,28.5618571,-80.577366,98,96,1.0,0,0,0,0,0,B1016,Satellite,4707.0,GTO,,,,,,0
14,Falcon 9,False,24,2015-06-28T14:21:00.000Z,1,True,True,False,True,False,ASDS,CCSFS SLC 40,28.5618571,-80.577366,98,96,1.0,0,0,0,0,0,B1018,Dragon 1.1,2477.0,ISS,OCISLY,33.7291858,-118.262015,61.0,54.0,0
15,Falcon 9,True,25,2015-12-22T01:29:00.000Z,1,True,True,False,True,True,RTLS,CCSFS SLC 40,28.5618571,-80.577366,98,96,1.0,0,1,1,0,0,B1019,Satellite,2034.0,LEO,LZ-1,28.485833,-80.544444,21.0,20.0,1
16,Falcon 9,True,27,2016-03-04T23:35:00.000Z,1,True,True,False,True,False,ASDS,CCSFS SLC 40,28.5618571,-80.577366,98,96,1.0,0,0,0,0,0,B1020,Satellite,5271.0,GTO,OCISLY,33.7291858,-118.262015,61.0,54.0,0
17,Falcon 9,True,28,2016-04-08T20:43:00.000Z,1,True,True,False,True,True,ASDS,CCSFS SLC 40,28.5618571,-80.577366,98,96,2.0,1,0,0,2,2,B1021,Dragon 1.1,3136.0,ISS,OCISLY,33.7291858,-118.262015,61.0,54.0,1
18,Falcon 9,True,38,2017-03-30T22:27:00.000Z,2,True,True,True,True,True,ASDS,KSC LC 39A,28.6080585,-80.6039558,54,54,2.0,1,0,0,2,2,B1021,Satellite,5300.0,GTO,OCISLY,33.7291858,-118.262015,61.0,54.0,1
19,Falcon 9,True,29,2016-05-06T05:21:00.000Z,1,True,True,False,True,True,ASDS,CCSFS SLC 40,28.5618571,-80.577366,98,96,2.0,0,0,0,1,1,B1022,Satellite,4696.0,GTO,OCISLY,33.7291858,-118.262015,61.0,54.0,1
20,Falcon 9,True,30,2016-05-27T21:39:00.000Z,1,True,True,False,True,True,ASDS,CCSFS SLC 40,28.5618571,-80.577366,98,96,2.0,1,1,1,1,1,B1023,Satellite,3100.0,GTO,OCISLY,33.7291858,-118.262015,61.0,54.0,1
21,Falcon 9,True,32,2016-07-18T04:45:00.000Z,1,True,True,False,True,True,RTLS,CCSFS SLC 40,28.5618571,-80.577366,98,96,2.0,1,2,2,0,0,B1025,Dragon 1.1,2257.0,ISS,LZ-1,28.485833,-80.544444,21.0,20.0,1
22,Falcon 9,True,33,2016-08-14T05:26:00.000Z,1,True,True,False,True,True,ASDS,CCSFS SLC 40,28.5618571,-80.577366,98,96,2.0,0,0,0,1,1,B1026,Satellite,4600.0,GTO,OCISLY,33.7291858,-118.262015,61.0,54.0,1
23,Falcon 9,False,34,2016-09-01T13:07:00.000Z,1,True,True,False,True,False,ASDS,CCSFS SLC 40,28.5618571,-80.577366,98,96,3.0,0,0,0,0,0,B1028,Satellite,5500.0,GTO,OCISLY,33.7291858,-118.262015,61.0,54.0,0
24,Falcon 9,True,51,2017-12-15T15:36:00.000Z,2,True,True,True,True,True,RTLS,CCSFS SLC 40,28.5618571,-80.577366,98,96,3.0,1,2,2,0,0,B1035,Dragon 1.1,2205.0,ISS,LZ-1,28.485833,-80.544444,21.0,20.0,1
25,Falcon 9,True,41,2017-06-03T21:07:00.000Z,1,True,True,False,True,True,RTLS,KSC LC 39A,28.6080585,-80.6039558,54,54,3.0,1,2,2,0,0,B1035,Dragon 1.1,2708.0,ISS,LZ-1,28.485833,-80.544444,21.0,20.0,1
26,Falcon 9,True,53,2018-01-08T01:00:00.000Z,1,True,True,False,True,True,RTLS,CCSFS SLC 40,28.5618571,-80.577366,98,96,4.0,1,1,1,0,0,B1043,Satellite,9120.12375,LEO,LZ-1,28.485833,-80.544444,21.0,20.0,1
27,Falcon 9,True,54,2018-01-31T21:25:00.000Z,2,True,True,True,True,True,Ocean,CCSFS SLC 40,28.5618571,-80.577366,98,96,3.0,1,1,1,0,0,B1032,Satellite,4230.0,GTO,,,,,,1
28,Falcon 9,True,39,2017-05-01T11:15:00.000Z,1,True,True,False,True,True,RTLS,KSC LC 39A,28.6080585,-80.6039558,54,54,3.0,1,1,1,0,0,B1032,Satellite,9120.12375,LEO,LZ-1,28.485833,-80.544444,21.0,20.0,1
29,Falcon 9,True,57,2018-03-06T05:33:00.000Z,1,True,True,False,False,False,,CCSFS SLC 40,28.5618571,-80.577366,98,96,4.0,0,0,0,0,0,B1044,Satellite,6092.0,GTO,,,,,,0
30,Falcon 9,True,59,2018-04-02T20:30:41.000Z,2,True,True,True,False,False,,CCSFS SLC 40,28.5618571,-80.577366,98,96,4.0,1,1,1,0,0,B1039,Dragon 1.1,2760.0,ISS,,,,,,0
31,Falcon 9,True,45,2017-08-14T16:31:00.000Z,1,True,True,False,True,True,RTLS,KSC LC 39A,28.6080585,-80.6039558,54,54,4.0,1,1,1,0,0,B1039,Dragon 1.1,2910.0,ISS,LZ-1,28.485833,-80.544444,21.0,20.0,1
32,Falcon 9,True,60,2018-04-18T22:51:00.000Z,1,True,True,False,True,True,ASDS,CCSFS SLC 40,28.5618571,-80.577366,98,96,4.0,1,0,0,1,1,B1045,Satellite,350.0,HEO,OCISLY,33.7291858,-118.262015,61.0,54.0,1
33,Falcon 9,True,64,2018-06-29T09:42:00.000Z,2,False,False,True,False,False,,CCSFS SLC 40,28.5618571,-80.577366,98,96,4.0,1,0,0,1,1,B1045,Dragon 1.1,2410.0,ISS,,,,,,0
34,Falcon 9,True,63,2018-06-04T04:45:00.000Z,2,False,False,True,False,False,,CCSFS SLC 40,28.5618571,-80.577366,98,96,4.0,1,1,1,0,0,B1040,Satellite,5383.85,GTO,,,,,,0
35,Falcon 9,True,47,2017-09-07T13:50:00.000Z,1,True,True,False,True,True,RTLS,KSC LC 39A,28.6080585,-80.6039558,54,54,4.0,1,1,1,0,0,B1040,Satellite,4990.0,LEO,LZ-1,28.485833,-80.544444,21.0,20.0,1
36,Falcon 9,True,65,2018-07-22T05:50:00.000Z,1,True,True,False,True,True,ASDS,CCSFS SLC 40,28.5618571,-80.577366,98,96,5.0,2,0,0,2,2,B1047,Satellite,7076.0,GTO,OCISLY,33.7291858,-118.262015,61.0,54.0,1
37,Falcon 9,True,83,2019-08-06T22:52:00.000Z,3,False,False,True,False,False,,CCSFS SLC 40,28.5618571,-80.577366,98,96,5.0,2,0,0,2,2,B1047,Satellite,6500.0,GTO,,,,,,0
38,Falcon 9,True,70,2018-11-15T20:46:00.000Z,2,True,True,True,True,True,ASDS,KSC LC 39A,28.6080585,-80.6039558,54,54,5.0,2,0,0,2,2,B1047,Satellite,3000.0,GTO,OCISLY,33.7291858,-118.262015,61.0,54.0,1
39,Falcon 9,True,67,2018-08-07T05:18:00.000Z,2,True,True,True,True,True,ASDS,CCSFS SLC 40,28.5618571,-80.577366,98,96,5.0,3,0,0,3,3,B1046,Satellite,5800.0,GTO,OCISLY,33.7291858,-118.262015,61.0,54.0,1
40,Falcon 9,True,71,2018-12-03T18:34:00.000Z,3,True,True,True,True,True,ASDS,VAFB SLC 4E,34.632093,-120.610829,28,27,5.0,3,0,0,3,3,B1046,Satellite,4000.0,SSO,JRTI,28.4104,-80.6188,38.0,37.0,1
41,Falcon 9,True,61,2018-05-11T20:14:00.000Z,1,True,True,False,True,True,ASDS,KSC LC 39A,28.6080585,-80.6039558,54,54,5.0,3,0,0,3,3,B1046,Satellite,3750.0,GTO,OCISLY,33.7291858,-118.262015,61.0,54.0,1
42,Falcon 9,True,88,2020-01-19T14:00:00.000Z,4,False,False,True,False,False,,KSC LC 39A,28.6080585,-80.6039558,54,54,5.0,3,0,0,3,3,B1046,Crew Dragon,11434.333333333334,SO,,,,,,0
43,Falcon 9,True,68,2018-09-10T04:45:00.000Z,1,True,True,False,True,True,ASDS,CCSFS SLC 40,28.5618571,-80.577366,98,96,5.0,9,0,0,10,10,B1049,Satellite,7060.0,GTO,OCISLY,33.7291858,-118.262015,61.0,54.0,1
44,Falcon 9,True,79,2019-05-24T02:30:00.000Z,3,True,True,True,True,True,ASDS,CCSFS SLC 40,28.5618571,-80.577366,98,96,5.0,9,0,0,10,10,B1049,Satellite,13200.0,VLEO,OCISLY,33.7291858,-118.262015,61.0,54.0,1
45,Falcon 9,True,87,2020-01-07T02:19:00.000Z,4,True,True,True,True,True,ASDS,CCSFS SLC 40,28.5618571,-80.577366,98,96,5.0,9,0,0,10,10,B1049,Satellite,15600.0,VLEO,OCISLY,33.7291858,-118.262015,61.0,54.0,1
46,Falcon 9,True,95,2020-06-04T01:25:00.000Z,5,True,True,True,True,True,ASDS,CCSFS SLC 40,28.5618571,-80.577366,98,96,5.0,9,0,0,10,10,B1049,Satellite,15600.0,VLEO,JRTI,28.4104,-80.6188,38.0,37.0,1
47,Falcon 9,True,100,2020-08-18T14:31:00.000Z,6,True,True,True,True,True,ASDS,CCSFS SLC 40,28.5618571,-80.577366,98,96,5.0,9,0,0,10,10,B1049,Satellite,15600.0,VLEO,OCISLY,33.7291858,-118.262015,61.0,54.0,1
48,Falcon 9,True,109,2020-11-25T02:13:00.000Z,7,True,True,True,True,True,ASDS,CCSFS SLC 40,28.5618571,-80.577366,98,96,5.0,9,0,0,10,10,B1049,Satellite,15600.0,VLEO,OCISLY,33.7291858,-118.262015,61.0,54.0,1
49,Falcon 9,True,74,2019-01-11T15:31:00.000Z,2,True,True,True,True,True,ASDS,VAFB SLC 4E,34.632093,-120.610829,28,27,5.0,9,0,0,10,10,B1049,Satellite,9600.0,PO,JRTI,28.4104,-80.6188,38.0,37.0,1
50,Falcon 9,True,134,2021-09-14T03:55:00.000Z,10,True,True,True,True,True,ASDS,VAFB SLC 4E,34.632093,-120.610829,28,27,5.0,9,0,0,10,10,B1049,Satellite,15600.0,PO,OCISLY,33.7291858,-118.262015,61.0,54.0,1
51,Falcon 9,True,118,2021-03-04T08:24:00.000Z,8,True,True,True,True,True,ASDS,KSC LC 39A,28.6080585,-80.6039558,54,54,5.0,9,0,0,10,10,B1049,Satellite,15600.0,VLEO,OCISLY,33.7291858,-118.262015,61.0,54.0,1
52,Falcon 9,True,125,2021-05-04T19:01:00.000Z,9,True,True,True,True,True,ASDS,KSC LC 39A,28.6080585,-80.6039558,54,54,5.0,9,0,0,10,10,B1049,Satellite,15600.0,VLEO,OCISLY,33.7291858,-118.262015,61.0,54.0,1
53,Falcon 9,True,72,2018-12-05T18:16:00.000Z,1,True,True,False,True,False,RTLS,CCSFS SLC 40,28.5618571,-80.577366,98,96,5.0,0,1,0,0,0,B1050,Dragon 1.1,2573.0,ISS,LZ-1,28.485833,-80.544444,21.0,20.0,0
54,Falcon 9,True,73,2018-12-23T13:51:00.000Z,1,False,False,False,False,False,,CCSFS SLC 40,28.5618571,-80.577366,98,96,5.0,0,0,0,0,0,B1054,Satellite,4400.0,MEO,,,,,,0
55,Falcon 9,True,84,2019-11-11T14:56:00.000Z,4,True,True,True,True,True,ASDS,CCSFS SLC 40,28.5618571,-80.577366,98,96,5.0,4,1,1,3,3,B1048,Satellite,15600.0,VLEO,OCISLY,33.7291858,-118.262015,61.0,54.0,1
56,Falcon 9,True,66,2018-07-25T11:39:26.000Z,1,True,True,False,True,True,ASDS,VAFB SLC 4E,34.632093,-120.610829,28,27,5.0,4,1,1,3,3,B1048,Satellite,9600.0,PO,JRTI,28.4104,-80.6188,38.0,37.0,1
57,Falcon 9,True,69,2018-10-08T02:22:00.000Z,2,True,True,True,True,True,RTLS,VAFB SLC 4E,34.632093,-120.610829,28,27,5.0,4,1,1,3,3,B1048,Satellite,2800.0,SSO,LZ-4,34.632989,-120.615167,6.0,6.0,1
58,Falcon 9,True,92,2020-03-18T12:16:00.000Z,5,True,True,True,True,False,ASDS,KSC LC 39A,28.6080585,-80.6039558,54,54,5.0,4,1,1,3,3,B1048,Satellite,15600.0,VLEO,OCISLY,33.7291858,-118.262015,61.0,54.0,0
59,Falcon 9,True,78,2019-05-04T06:48:00.000Z,1,True,True,False,True,True,ASDS,CCSFS SLC 40,28.5618571,-80.577366,98,96,5.0,3,1,1,2,2,B1056,Dragon 1.1,2482.0,ISS,OCISLY,33.7291858,-118.262015,61.0,54.0,1
60,Falcon 9,True,82,2019-07-25T22:01:00.000Z,2,True,True,True,True,True,RTLS,CCSFS SLC 40,28.5618571,-80.577366,98,96,5.0,3,1,1,2,2,B1056,Dragon 1.1,2227.7,ISS,LZ-1,28.485833,-80.544444,21.0,20.0,1
61,Falcon 9,True,86,2019-12-17T00:10:00.000Z,3,True,True,True,True,True,ASDS,CCSFS SLC 40,28.5618571,-80.577366,98,96,5.0,3,1,1,2,2,B1056,Satellite,6800.0,GTO,OCISLY,33.7291858,-118.262015,61.0,54.0,1
62,Falcon 9,True,90,2020-02-17T15:05:55.000Z,4,True,True,True,True,False,ASDS,CCSFS SLC 40,28.5618571,-80.577366,98,96,5.0,3,1,1,2,2,B1056,Satellite,15600.0,VLEO,OCISLY,33.7291858,-118.262015,61.0,54.0,0
63,Falcon 9,True,85,2019-12-05T17:29:23.000Z,1,True,True,False,True,True,ASDS,CCSFS SLC 40,28.5618571,-80.577366,98,96,5.0,5,3,3,2,2,B1059,Dragon 1.1,5000.0,ISS,OCISLY,33.7291858,-118.262015,61.0,54.0,1
64,Falcon 9,True,91,2020-03-07T04:50:31.000Z,2,True,True,True,True,True,RTLS,CCSFS SLC 40,28.5618571,-80.577366,98,96,5.0,5,3,3,2,2,B1059,Dragon 1.1,1977.0,ISS,LZ-1,28.485833,-80.544444,21.0,20.0,1
65,Falcon 9,True,96,2020-06-13T09:21:00.000Z,3,True,True,True,True,True,ASDS,CCSFS SLC 40,28.5618571,-80.577366,98,96,5.0,5,3,3,2,2,B1059,Satellite,15600.0,VLEO,OCISLY,33.7291858,-118.262015,61.0,54.0,1
66,Falcon 9,True,101,2020-08-30T23:18:00.000Z,4,True,True,True,True,True,RTLS,CCSFS SLC 40,28.5618571,-80.577366,98,96,5.0,5,3,3,2,2,B1059,Satellite,1600.0,SSO,LZ-1,28.485833,-80.544444,21.0,20.0,1
67,Falcon 9,True,117,2021-02-16T03:59:00.000Z,6,True,True,True,True,False,ASDS,CCSFS SLC 40,28.5618571,-80.577366,98,96,5.0,5,3,3,2,2,B1059,Satellite,15600.0,VLEO,OCISLY,33.7291858,-118.262015,61.0,54.0,0
68,Falcon 9,True,112,2020-12-19T14:00:00.000Z,5,True,True,True,True,True,RTLS,KSC LC 39A,28.6080585,-80.6039558,54,54,5.0,5,3,3,2,2,B1059,Satellite,9120.12375,LEO,LZ-1,28.485833,-80.544444,21.0,20.0,1
69,Falcon 9,True,89,2020-01-29T14:06:00.000Z,3,True,True,True,True,True,ASDS,CCSFS SLC 40,28.5618571,-80.577366,98,96,5.0,12,1,1,12,12,B1051,Satellite,15600.0,VLEO,OCISLY,33.7291858,-118.262015,61.0,54.0,1
70,Falcon 9,True,111,2020-12-13T17:30:00.000Z,7,True,True,True,True,True,ASDS,CCSFS SLC 40,28.5618571,-80.577366,98,96,5.0,12,1,1,12,12,B1051,Satellite,7000.0,GTO,JRTI,28.4104,-80.6188,38.0,37.0,1
71,Falcon 9,True,126,2021-05-09T06:42:00.000Z,10,True,True,True,True,True,ASDS,CCSFS SLC 40,28.5618571,-80.577366,98,96,5.0,12,1,1,12,12,B1051,Satellite,15600.0,VLEO,OCISLY,33.7291858,-118.262015,61.0,54.0,1
72,Falcon 9,True,154,2022-03-19T03:24:00.000Z,12,True,True,True,True,True,ASDS,CCSFS SLC 40,28.5618571,-80.577366,98,96,5.0,12,1,1,12,12,B1051,Satellite,13260.0,VLEO,JRTI,28.4104,-80.6188,38.0,37.0,1
73,Falcon 9,True,174,2022-07-17T14:50:00.000Z,13,True,True,True,True,True,ASDS,CCSFS SLC 40,28.5618571,-80.577366,98,96,5.0,12,1,1,12,12,B1051,Satellite,13260.0,VLEO,JRTI,28.4104,-80.6188,38.0,37.0,1
74,Falcon 9,True,80,2019-06-12T14:17:00.000Z,2,True,True,True,True,True,RTLS,VAFB SLC 4E,34.632093,-120.610829,28,27,5.0,12,1,1,12,12,B1051,Satellite,1425.0,SSO,LZ-4,34.632989,-120.615167,6.0,6.0,1
75,Falcon 9,True,141,2021-12-18T12:41:40.000Z,11,True,True,True,True,True,ASDS,VAFB SLC 4E,34.632093,-120.610829,28,27,5.0,12,1,1,12,12,B1051,Satellite,13260.0,PO,OCISLY,33.7291858,-118.262015,61.0,54.0,1
76,Falcon 9,True,76,2019-03-02T07:45:00.000Z,1,True,True,False,True,True,ASDS,KSC LC 39A,28.6080585,-80.6039558,54,54,5.0,12,1,1,12,12,B1051,Crew Dragon,12259.0,ISS,OCISLY,33.7291858,-118.262015,61.0,54.0,1
77,Falcon 9,True,93,2020-04-22T19:30:00.000Z,4,True,True,True,True,True,ASDS,KSC LC 39A,28.6080585,-80.6039558,54,54,5.0,12,1,1,12,12,B1051,Satellite,15600.0,VLEO,OCISLY,33.7291858,-118.262015,61.0,54.0,1
78,Falcon 9,True,104,2020-10-18T12:25:00.000Z,6,True,True,True,True,True,ASDS,KSC LC 39A,28.6080585,-80.6039558,54,54,5.0,12,1,1,12,12,B1051,Satellite,15600.0,VLEO,OCISLY,33.7291858,-118.262015,61.0,54.0,1
79,Falcon 9,True,114,2021-01-20T13:02:00.000Z,8,True,True,True,True,True,ASDS,KSC LC 39A,28.6080585,-80.6039558,54,54,5.0,12,1,1,12,12,B1051,Satellite,15600.0,VLEO,JRTI,28.4104,-80.6188,38.0,37.0,1
80,Falcon 9,True,120,2021-03-14T10:01:00.000Z,9,True,True,True,True,True,ASDS,KSC LC 39A,28.6080585,-80.6039558,54,54,5.0,12,1,1,12,12,B1051,Satellite,15600.0,VLEO,OCISLY,33.7291858,-118.262015,61.0,54.0,1
81,Falcon 9,True,97,2020-06-30T19:55:00.000Z,1,True,True,False,True,True,ASDS,CCSFS SLC 40,28.5618571,-80.577366,98,96,5.0,12,1,1,12,12,B1060,Satellite,3880.0,MEO,JRTI,28.4104,-80.6188,38.0,37.0,1
82,Falcon 9,True,105,2020-10-24T15:31:00.000Z,3,True,True,True,True,True,ASDS,CCSFS SLC 40,28.5618571,-80.577366,98,96,5.0,12,1,1,12,12,B1060,Satellite,15600.0,VLEO,JRTI,28.4104,-80.6188,38.0,37.0,1
83,Falcon 9,True,113,2021-01-08T02:15:00.000Z,4,True,True,True,True,True,ASDS,CCSFS SLC 40,28.5618571,-80.577366,98,96,5.0,12,1,1,12,12,B1060,Satellite,3500.0,GTO,JRTI,28.4104,-80.6188,38.0,37.0,1
84,Falcon 9,True,116,2021-02-04T06:19:00.000Z,5,True,True,True,True,True,ASDS,CCSFS SLC 40,28.5618571,-80.577366,98,96,5.0,12,1,1,12,12,B1060,Satellite,15600.0,VLEO,OCISLY,33.7291858,-118.262015,61.0,54.0,1
85,Falcon 9,True,121,2021-03-24T08:28:00.000Z,6,True,True,True,True,True,ASDS,CCSFS SLC 40,28.5618571,-80.577366,98,96,5.0,12,1,1,12,12,B1060,Satellite,15600.0,VLEO,OCISLY,33.7291858,-118.262015,61.0,54.0,1
86,Falcon 9,True,124,2021-04-29T03:44:00.000Z,7,True,True,True,True,True,ASDS,CCSFS SLC 40,28.5618571,-80.577366,98,96,5.0,12,1,1,12,12,B1060,Satellite,15600.0,VLEO,JRTI,28.4104,-80.6188,38.0,37.0,1
87,Falcon 9,True,132,2021-06-30T19:31:00.000Z,8,True,True,True,True,True,RTLS,CCSFS SLC 40,28.5618571,-80.577366,98,96,5.0,12,1,1,12,12,B1060,Satellite,9120.12375,SSO,LZ-1,28.485833,-80.544444,21.0,20.0,1
88,Falcon 9,True,139,2021-12-01T23:20:00.000Z,9,True,True,True,True,True,ASDS,CCSFS SLC 40,28.5618571,-80.577366,98,96,5.0,12,1,1,12,12,B1060,Satellite,13260.0,PO,ASOG,33.7291858,-118.262015,21.0,21.0,1
89,Falcon 9,True,158,2022-04-21T15:16:00.000Z,12,True,True,True,True,True,ASDS,CCSFS SLC 40,28.5618571,-80.577366,98,96,5.0,12,1,1,12,12,B1060,Satellite,13260.0,VLEO,JRTI,28.4104,-80.6188,38.0,37.0,1
90,Falcon 9,True,102,2020-09-03T12:46:00.000Z,2,True,True,True,True,True,ASDS,KSC LC 39A,28.6080585,-80.6039558,54,54,5.0,12,1,1,12,12,B1060,Satellite,15600.0,VLEO,OCISLY,33.7291858,-118.262015,61.0,54.0,1
91,Falcon 9,True,146,2022-01-19T00:04:00.000Z,10,True,True,True,True,True,ASDS,KSC LC 39A,28.6080585,-80.6039558,54,54,5.0,12,1,1,12,12,B1060,Satellite,13260.0,VLEO,ASOG,33.7291858,-118.262015,21.0,21.0,1
92,Falcon 9,True,152,2022-03-03T14:35:00.000Z,11,True,True,True,True,True,ASDS,KSC LC 39A,28.6080585,-80.6039558,54,54,5.0,12,1,1,12,12,B1060,Satellite,13260.0,VLEO,JRTI,28.4104,-80.6188,38.0,37.0,1
93,Falcon 9,True,167,2022-06-01T17:08:50.000Z,13,True,True,True,True,True,ASDS,KSC LC 39A,28.6080585,-80.6039558,54,54,5.0,12,1,1,12,12,B1060,Satellite,13260.0,VLEO,ASOG,33.7291858,-118.262015,21.0,21.0,1
94,Falcon 9,True,98,2020-07-20T21:30:00.000Z,2,True,True,True,True,True,ASDS,CCSFS SLC 40,28.5618571,-80.577366,98,96,5.0,13,1,1,13,13,B1058,Satellite,9120.12375,GEO,JRTI,28.4104,-80.6188,38.0,37.0,1
95,Falcon 9,True,115,2021-01-24T15:00:00.000Z,5,True,True,True,True,True,ASDS,CCSFS SLC 40,28.5618571,-80.577366,98,96,5.0,13,1,1,13,13,B1058,Satellite,9120.12375,SSO,OCISLY,33.7291858,-118.262015,61.0,54.0,1
96,Falcon 9,True,119,2021-03-11T08:13:00.000Z,6,True,True,True,True,True,ASDS,CCSFS SLC 40,28.5618571,-80.577366,98,96,5.0,13,1,1,13,13,B1058,Satellite,15600.0,VLEO,JRTI,28.4104,-80.6188,38.0,37.0,1
97,Falcon 9,True,122,2021-04-07T16:34:00.000Z,7,True,True,True,True,True,ASDS,CCSFS SLC 40,28.5618571,-80.577366,98,96,5.0,13,1,1,13,13,B1058,Satellite,15600.0,VLEO,OCISLY,33.7291858,-118.262015,61.0,54.0,1
98,Falcon 9,True,137,2021-11-13T12:40:00.000Z,9,True,True,True,True,True,ASDS,CCSFS SLC 40,28.5618571,-80.577366,98,96,5.0,13,1,1,13,13,B1058,Satellite,13260.0,LEO,JRTI,28.4104,-80.6188,38.0,37.0,1
99,Falcon 9,True,145,2022-01-13T15:25:00.000Z,10,True,True,True,True,True,RTLS,CCSFS SLC 40,28.5618571,-80.577366,98,96,5.0,13,1,1,13,13,B1058,Satellite,9120.12375,LEO,LZ-1,28.485833,-80.544444,21.0,20.0,1
100,Falcon 9,True,148,2022-02-02T20:18:00.000Z,1,True,True,False,True,True,RTLS,VAFB SLC 4E,34.632093,-120.610829,28,27,5.0,3,3,3,1,1,B1071,Satellite,9120.12375,LEO,LZ-4,34.632989,-120.615167,6.0,6.0,1
101,Falcon 9,True,150,2022-02-21T14:44:00.000Z,11,True,True,True,True,True,ASDS,CCSFS SLC 40,28.5618571,-80.577366,98,96,5.0,13,1,1,13,13,B1058,Satellite,13260.0,VLEO,ASOG,33.7291858,-118.262015,21.0,21.0,1
102,Falcon 9,True,171,2022-07-07T13:11:00.000Z,13,True,True,True,True,True,ASDS,CCSFS SLC 40,28.5618571,-80.577366,98,96,5.0,13,1,1,13,13,B1058,Satellite,13260.0,VLEO,JRTI,28.4104,-80.6188,38.0,37.0,1
103,Falcon 9,True,94,2020-05-30T19:22:00.000Z,1,True,True,False,True,True,ASDS,KSC LC 39A,28.6080585,-80.6039558,54,54,5.0,13,1,1,13,13,B1058,Crew Dragon,9525.0,ISS,OCISLY,33.7291858,-118.262015,61.0,54.0,1
104,Falcon 9,True,103,2020-10-06T11:29:00.000Z,3,True,True,True,True,True,ASDS,KSC LC 39A,28.6080585,-80.6039558,54,54,5.0,13,1,1,13,13,B1058,Satellite,15600.0,VLEO,OCISLY,33.7291858,-118.262015,61.0,54.0,1
105,Falcon 9,True,110,2020-12-06T16:17:00.000Z,4,True,True,True,True,True,ASDS,KSC LC 39A,28.6080585,-80.6039558,54,54,5.0,13,1,1,13,13,B1058,Dragon 2.0,2972.0,ISS,OCISLY,33.7291858,-118.262015,61.0,54.0,1
106,Falcon 9,True,161,2022-05-06T09:42:00.000Z,12,True,True,True,True,True,ASDS,KSC LC 39A,28.6080585,-80.6039558,54,54,5.0,13,1,1,13,13,B1058,Satellite,13260.0,VLEO,ASOG,33.7291858,-118.262015,21.0,21.0,1
107,Falcon 9,True,106,2020-11-05T23:24:00.000Z,1,True,True,False,True,True,ASDS,CCSFS SLC 40,28.5618571,-80.577366,98,96,5.0,8,0,0,9,9,B1062,Satellite,3681.0,MEO,OCISLY,33.7291858,-118.262015,61.0,54.0,1
108,Falcon 9,True,131,2021-06-17T16:09:00.000Z,2,True,True,True,True,True,ASDS,CCSFS SLC 40,28.5618571,-80.577366,98,96,5.0,8,0,0,9,9,B1062,Satellite,3681.0,MEO,JRTI,28.4104,-80.6188,38.0,37.0,1
109,Falcon 9,True,160,2022-04-29T21:27:00.000Z,6,True,True,True,True,True,ASDS,CCSFS SLC 40,28.5618571,-80.577366,98,96,5.0,8,0,0,9,9,B1062,Satellite,13260.0,VLEO,JRTI,28.4104,-80.6188,38.0,37.0,1
110,Falcon 9,True,166,2022-06-08T21:04:00.000Z,7,True,True,True,True,True,ASDS,CCSFS SLC 40,28.5618571,-80.577366,98,96,5.0,8,0,0,9,9,B1062,Satellite,3938.0,GEO,JRTI,28.4104,-80.6188,38.0,37.0,1
111,Falcon 9,True,176,2022-07-24T00:00:00.000Z,8,True,True,True,True,True,ASDS,CCSFS SLC 40,28.5618571,-80.577366,98,96,5.0,8,0,0,9,9,B1062,Satellite,13260.0,VLEO,ASOG,33.7291858,-118.262015,21.0,21.0,1
112,Falcon 9,True,180,2022-08-19T19:24:00.000Z,9,True,True,True,True,True,ASDS,CCSFS SLC 40,28.5618571,-80.577366,98,96,5.0,8,0,0,9,9,B1062,Satellite,13260.0,VLEO,ASOG,33.7291858,-118.262015,21.0,21.0,1
113,Falcon 9,True,135,2021-09-16T00:02:00.000Z,3,True,True,True,True,True,ASDS,KSC LC 39A,28.6080585,-80.6039558,54,54,5.0,8,0,0,9,9,B1062,Crew Dragon,11434.333333333334,LEO,JRTI,28.4104,-80.6188,38.0,37.0,1
114,Falcon 9,True,144,2022-01-06T21:49:00.000Z,4,True,True,True,True,True,ASDS,KSC LC 39A,28.6080585,-80.6039558,54,54,5.0,8,0,0,9,9,B1062,Satellite,13260.0,VLEO,ASOG,33.7291858,-118.262015,21.0,21.0,1
115,Falcon 9,True,156,2022-04-08T15:17:00.000Z,5,True,True,True,True,True,ASDS,KSC LC 39A,28.6080585,-80.6039558,54,54,5.0,8,0,0,9,9,B1062,Dragon 2.0,3150.0,ISS,ASOG,33.7291858,-118.262015,21.0,21.0,1
116,Falcon 9,True,128,2021-05-26T18:59:00.000Z,2,True,True,True,True,True,ASDS,CCSFS SLC 40,28.5618571,-80.577366,98,96,5.0,6,1,1,6,6,B1063,Satellite,15600.0,VLEO,JRTI,28.4104,-80.6188,38.0,37.0,1
117,Falcon 9,True,108,2020-11-21T17:17:00.000Z,1,True,True,False,True,True,RTLS,VAFB SLC 4E,34.632093,-120.610829,28,27,5.0,6,1,1,6,6,B1063,Satellite,1440.0,PO,LZ-4,34.632989,-120.615167,6.0,6.0,1
118,Falcon 9,True,138,2021-11-24T06:20:00.000Z,2,True,True,True,True,True,ASDS,VAFB SLC 4E,34.632093,-120.610829,28,27,5.0,6,1,1,6,6,B1063,Satellite,670.0,TLI,OCISLY,33.7291858,-118.262015,61.0,54.0,1
119,Falcon 9,True,151,2022-02-25T17:12:00.000Z,4,True,True,True,True,True,ASDS,VAFB SLC 4E,34.632093,-120.610829,28,27,5.0,6,1,1,6,6,B1063,Satellite,13260.0,VLEO,OCISLY,33.7291858,-118.262015,61.0,54.0,1
120,Falcon 9,True,162,2022-05-13T22:07:00.000Z,5,True,True,True,True,True,ASDS,VAFB SLC 4E,34.632093,-120.610829,28,27,5.0,6,1,1,6,6,B1063,Satellite,13260.0,VLEO,OCISLY,33.7291858,-118.262015,61.0,54.0,1
121,Falcon 9,False,172,2022-07-11T01:39:00.000Z,6,True,True,True,True,True,ASDS,VAFB SLC 4E,34.632093,-120.610829,28,27,5.0,6,1,1,6,6,B1063,Satellite,13260.0,VLEO,OCISLY,33.7291858,-118.262015,61.0,54.0,1
122,Falcon 9,True,182,2022-08-31T05:40:00.000Z,7,True,True,True,True,True,ASDS,VAFB SLC 4E,34.632093,-120.610829,28,27,5.0,6,1,1,6,6,B1063,Satellite,13260.0,VLEO,OCISLY,33.7291858,-118.262015,61.0,54.0,1
123,Falcon 9,True,130,2021-06-06T04:26:00.000Z,3,True,True,True,True,True,ASDS,CCSFS SLC 40,28.5618571,-80.577366,98,96,5.0,9,1,1,9,9,B1061,Satellite,7000.0,GTO,JRTI,28.4104,-80.6188,38.0,37.0,1
124,Falcon 9,True,155,2022-04-01T16:24:00.000Z,7,True,True,True,True,True,ASDS,CCSFS SLC 40,28.5618571,-80.577366,98,96,5.0,9,1,1,9,9,B1061,Satellite,9120.12375,SSO,JRTI,28.4104,-80.6188,38.0,37.0,1
125,Falcon 9,True,165,2022-05-25T18:27:00.000Z,8,True,True,True,True,True,RTLS,CCSFS SLC 40,28.5618571,-80.577366,98,96,5.0,9,1,1,9,9,B1061,Satellite,9120.12375,SSO,LZ-1,28.485833,-80.544444,21.0,20.0,1
126,Falcon 9,True,169,2022-06-19T04:27:00.000Z,9,True,True,True,True,True,ASDS,CCSFS SLC 40,28.5618571,-80.577366,98,96,5.0,9,1,1,9,9,B1061,Satellite,700.0,LEO,JRTI,28.4104,-80.6188,38.0,37.0,1
127,Falcon 9,True,179,2022-08-12T21:30:00.000Z,10,True,True,True,True,True,ASDS,VAFB SLC 4E,34.632093,-120.610829,28,27,5.0,9,1,1,9,9,B1061,Satellite,13260.0,VLEO,OCISLY,33.7291858,-118.262015,61.0,54.0,1
128,Falcon 9,True,107,2020-11-16T00:27:00.000Z,1,True,True,False,True,True,ASDS,KSC LC 39A,28.6080585,-80.6039558,54,54,5.0,9,1,1,9,9,B1061,Crew Dragon,11434.333333333334,ISS,JRTI,28.4104,-80.6188,38.0,37.0,1
129,Falcon 9,True,123,2021-04-23T09:49:00.000Z,2,True,True,True,True,True,ASDS,KSC LC 39A,28.6080585,-80.6039558,54,54,5.0,9,1,1,9,9,B1061,Crew Dragon,11434.333333333334,ISS,OCISLY,33.7291858,-118.262015,61.0,54.0,1
130,Falcon 9,True,133,2021-08-29T07:14:00.000Z,4,True,True,True,True,True,ASDS,KSC LC 39A,28.6080585,-80.6039558,54,54,5.0,9,1,1,9,9,B1061,Dragon 2.0,3150.0,ISS,ASOG,33.7291858,-118.262015,21.0,21.0,1
131,Falcon 9,True,140,2021-12-09T06:00:00.000Z,5,True,True,True,True,True,ASDS,KSC LC 39A,28.6080585,-80.6039558,54,54,5.0,9,1,1,9,9,B1061,Satellite,330.0,LEO,JRTI,28.4104,-80.6188,38.0,37.0,1
132,Falcon 9,True,149,2022-02-03T18:13:00.000Z,6,True,True,True,True,True,ASDS,KSC LC 39A,28.6080585,-80.6039558,54,54,5.0,9,1,1,9,9,B1061,Satellite,13260.0,VLEO,ASOG,33.7291858,-118.262015,21.0,21.0,1
133,Falcon 9,True,142,2021-12-19T03:58:00.000Z,3,True,True,True,True,True,ASDS,CCSFS SLC 40,28.5618571,-80.577366,98,96,5.0,5,0,0,6,6,B1067,Satellite,3500.0,GTO,ASOG,33.7291858,-118.262015,21.0,21.0,1
134,Falcon 9,True,185,2022-09-17T01:05:00.000Z,6,True,True,True,True,True,ASDS,CCSFS SLC 40,28.5618571,-80.577366,98,96,5.0,5,0,0,6,6,B1067,Satellite,13260.0,VLEO,JRTI,28.4104,-80.6188,38.0,37.0,1
135,Falcon 9,True,129,2021-06-03T17:29:00.000Z,1,True,True,False,True,True,ASDS,KSC LC 39A,28.6080585,-80.6039558,54,54,5.0,5,0,0,6,6,B1067,Dragon 2.0,3328.0,ISS,OCISLY,33.7291858,-118.262015,61.0,54.0,1
136,Falcon 9,True,136,2021-11-11T02:03:00.000Z,2,True,True,True,True,True,ASDS,KSC LC 39A,28.6080585,-80.6039558,54,54,5.0,5,0,0,6,6,B1067,Crew Dragon,12519.0,ISS,ASOG,33.7291858,-118.262015,21.0,21.0,1
137,Falcon 9,True,159,2022-04-27T07:52:00.000Z,4,True,True,True,True,True,ASDS,KSC LC 39A,28.6080585,-80.6039558,54,54,5.0,5,0,0,6,6,B1067,Crew Dragon,11434.333333333334,ISS,ASOG,33.7291858,-118.262015,21.0,21.0,1
138,Falcon 9,True,173,2022-07-15T00:44:00.000Z,5,True,True,True,True,True,ASDS,KSC LC 39A,28.6080585,-80.6039558,54,54,5.0,5,0,0,6,6,B1067,Dragon 2.0,3150.0,ISS,ASOG,33.7291858,-118.262015,21.0,21.0,1
139,Falcon 9,True,147,2022-01-31T23:11:12.000Z,3,True,True,True,True,True,RTLS,CCSFS SLC 40,28.5618571,-80.577366,98,96,5.0,6,3,3,4,4,B1052,Satellite,2240.0,SSO,LZ-1,28.485833,-80.544444,21.0,20.0,1
140,Falcon 9,True,153,2022-03-09T13:45:00.000Z,4,True,True,True,True,True,ASDS,CCSFS SLC 40,28.5618571,-80.577366,98,96,5.0,6,3,3,4,4,B1052,Satellite,13260.0,VLEO,ASOG,33.7291858,-118.262015,21.0,21.0,1
141,Falcon 9,True,177,2022-08-04T23:08:00.000Z,6,True,True,True,True,True,ASDS,CCSFS SLC 40,28.5618571,-80.577366,98,96,5.0,6,3,3,4,4,B1052,Satellite,678.0,TLI,JRTI,28.4104,-80.6188,38.0,37.0,1
142,Falcon 9,True,164,2022-05-18T10:40:00.000Z,5,True,True,True,True,True,ASDS,KSC LC 39A,28.6080585,-80.6039558,54,54,5.0,6,3,3,4,4,B1052,Satellite,13260.0,VLEO,ASOG,33.7291858,-118.262015,21.0,21.0,1
143,Falcon 9,True,163,2022-05-14T20:40:00.000Z,1,True,True,False,True,True,ASDS,CCSFS SLC 40,28.5618571,-80.577366,98,96,5.0,2,0,0,3,3,B1073,Satellite,13260.0,VLEO,JRTI,28.4104,-80.6188,38.0,37.0,1
144,Falcon 9,True,170,2022-06-29T21:04:00.000Z,2,True,True,True,True,True,ASDS,CCSFS SLC 40,28.5618571,-80.577366,98,96,5.0,2,0,0,3,3,B1073,Satellite,3500.0,MEO,ASOG,33.7291858,-118.262015,21.0,21.0,1
145,Falcon 9,True,178,2022-08-09T22:57:00.000Z,3,True,True,True,True,True,ASDS,KSC LC 39A,28.6080585,-80.6039558,54,54,5.0,2,0,0,3,3,B1073,Satellite,13260.0,VLEO,ASOG,33.7291858,-118.262015,21.0,21.0,1
146,Falcon 9,True,11,2013-09-29T16:00:00.000Z,1,False,False,False,True,False,Ocean,VAFB SLC 4E,34.632093,-120.610829,28,27,1.0,0,0,0,0,0,B1003,Satellite,500.0,PO,,,,,,0
147,Falcon 9,True,26,2016-01-17T15:42:00.000Z,1,True,True,False,True,False,ASDS,VAFB SLC 4E,34.632093,-120.610829,28,27,1.0,0,0,0,0,0,B1017,Satellite,553.0,PO,JRTI,28.4104,-80.6188,38.0,37.0,0
148,Falcon 9,True,35,2017-01-14T17:54:00.000Z,1,True,True,False,True,True,ASDS,VAFB SLC 4E,34.632093,-120.610829,28,27,3.0,1,0,0,2,2,B1029,Satellite,9600.0,PO,JRTI,28.4104,-80.6188,38.0,37.0,1
149,Falcon 9,True,42,2017-06-23T19:10:00.000Z,2,True,True,True,True,True,ASDS,KSC LC 39A,28.6080585,-80.6039558,54,54,3.0,1,0,0,2,2,B1029,Satellite,3669.0,GTO,OCISLY,33.7291858,-118.262015,61.0,54.0,1
150,Falcon 9,True,43,2017-06-25T20:25:00.000Z,1,True,True,False,True,True,ASDS,VAFB SLC 4E,34.632093,-120.610829,28,27,3.0,1,0,0,1,1,B1036,Satellite,9600.0,PO,JRTI,28.4104,-80.6188,38.0,37.0,1
151,Falcon 9,True,52,2017-12-23T01:27:23.000Z,2,True,False,True,True,True,Ocean,VAFB SLC 4E,34.632093,-120.610829,28,27,3.0,1,0,0,1,1,B1036,Satellite,9600.0,PO,,,,,,1
152,Falcon 9,True,46,2017-08-24T18:50:00.000Z,1,True,True,False,True,True,ASDS,VAFB SLC 4E,34.632093,-120.610829,28,27,3.0,1,0,0,1,1,B1038,Satellite,475.0,SSO,JRTI,28.4104,-80.6188,38.0,37.0,1
153,Falcon 9,True,48,2017-10-09T12:37:00.000Z,1,True,True,False,True,True,ASDS,VAFB SLC 4E,34.632093,-120.610829,28,27,4.0,1,0,0,1,1,B1041,Satellite,9600.0,PO,JRTI,28.4104,-80.6188,38.0,37.0,1
154,Falcon 9,True,58,2018-03-30T14:13:51.000Z,2,True,True,True,False,False,,VAFB SLC 4E,34.632093,-120.610829,28,27,4.0,1,0,0,1,1,B1041,Satellite,9600.0,PO,,,,,,0
155,Falcon 9,True,157,2022-04-17T13:13:00.000Z,2,True,True,True,True,True,RTLS,VAFB SLC 4E,34.632093,-120.610829,28,27,5.0,3,3,3,1,1,B1071,Satellite,9120.12375,LEO,LZ-4,34.632989,-120.615167,6.0,6.0,1
156,Falcon 9,True,168,2022-06-18T14:19:00.000Z,3,True,True,True,True,True,RTLS,VAFB SLC 4E,34.632093,-120.610829,28,27,5.0,3,3,3,1,1,B1071,Satellite,2200.0,SSO,LZ-4,34.632989,-120.615167,6.0,6.0,1
157,Falcon 9,True,175,2022-07-21T17:13:00.000Z,4,True,True,True,True,True,ASDS,VAFB SLC 4E,34.632093,-120.610829,28,27,5.0,3,3,3,1,1,B1071,Satellite,13260.0,VLEO,OCISLY,33.7291858,-118.262015,61.0,54.0,1
158,Falcon 9,True,36,2017-02-19T14:39:00.000Z,1,True,True,False,True,True,RTLS,KSC LC 39A,28.6080585,-80.6039558,54,54,3.0,1,1,1,1,1,B1031,Dragon 1.1,2490.0,ISS,LZ-1,28.485833,-80.544444,21.0,20.0,1
159,Falcon 9,True,49,2017-10-11T22:53:00.000Z,2,True,True,True,True,True,ASDS,KSC LC 39A,28.6080585,-80.6039558,54,54,3.0,1,1,1,1,1,B1031,Satellite,5200.0,GTO,OCISLY,33.7291858,-118.262015,61.0,54.0,1
160,Falcon 9,True,37,2017-03-16T06:00:00.000Z,1,False,False,False,False,False,,KSC LC 39A,28.6080585,-80.6039558,54,54,3.0,0,0,0,0,0,B1030,Satellite,5600.0,GTO,,,,,,0
161,Falcon 9,True,40,2017-05-15T23:21:00.000Z,1,False,False,False,False,False,,KSC LC 39A,28.6080585,-80.6039558,54,54,3.0,0,0,0,0,0,B1034,Satellite,6070.0,GTO,,,,,,0
162,Falcon 9,True,44,2017-07-05T23:35:00.000Z,1,False,False,False,False,False,,KSC LC 39A,28.6080585,-80.6039558,54,54,3.0,0,0,0,0,0,B1037,Satellite,6761.0,GTO,,,,,,0
163,Falcon 9,True,50,2017-10-30T19:34:00.000Z,1,True,True,False,True,True,ASDS,KSC LC 39A,28.6080585,-80.6039558,54,54,4.0,0,0,0,1,1,B1042,Satellite,3700.0,GTO,OCISLY,33.7291858,-118.262015,61.0,54.0,1
164,Falcon 9,True,143,2021-12-21T10:06:00.000Z,1,True,True,False,True,True,ASDS,KSC LC 39A,28.6080585,-80.6039558,54,54,5.0,1,0,0,2,2,B1069,Dragon 2.0,3150.0,ISS,JRTI,28.4104,-80.6188,38.0,37.0,1
165,Falcon 9,True,181,2022-08-28T02:22:00.000Z,2,True,True,True,True,True,ASDS,KSC LC 39A,28.6080585,-80.6039558,54,54,5.0,1,0,0,2,2,B1069,Satellite,13260.0,VLEO,ASOG,33.7291858,-118.262015,21.0,21.0,1
